pickup_zone,total_trips,avg_passenger_count
Allerton/Pelham Gardens,61,1.1016949152542372
Alphabet City,3973,1.373394495412844
Arden Heights,53,1.0
Arrochar/Fort Wadsworth,49,2.0408163265306123
Astoria,1842,1.2388434946574483
Astoria Park,15,1.2
Auburndale,52,1.0
Baisley Park,1095,1.3149171270718232
Bath Beach,49,1.0851063829787233
Battery Park,1222,1.7088186356073212
Battery Park City,18658,1.3484644698498094
Bay Ridge,266,1.22
Bay Terrace/Fort Totten,46,1.0
Bayside,52,1.0576923076923077
Bedford,403,1.2148148148148148
Bedford Park,117,1.018018018018018
Bellerose,88,1.125
Belmont,59,1.0588235294117647
Bensonhurst East,95,1.0
Bensonhurst West,128,1.0254237288135593
Bloomfield/Emerson Hill,69,1.0434782608695652
Bloomingdale,8918,1.3049755399117051
Boerum Hill,1321,1.2692673644148431
Borough Park,135,1.1217391304347826
Breezy Point/Fort Tilden/Riis Beach,3,1.0
Briarwood/Jamaica Hills,329,1.204968944099379
Brighton Beach,97,1.0721649484536082
Broad Channel,3,1.3333333333333333
Bronx Park,21,1.1764705882352942
Bronxdale,123,1.0166666666666666
Brooklyn Heights,1614,1.238709677419355
Brooklyn Navy Yard,75,1.2692307692307692
Brownsville,260,1.031372549019608
Bushwick North,231,1.3831775700934579
Bushwick South,344,1.21875
Cambria Heights,127,1.112
Canarsie,367,1.0333333333333334
Carroll Gardens,414,1.2303370786516854
Central Harlem,8363,1.358236294648698
Central Harlem North,3088,1.241642441860465
Central Park,51009,1.4572246179527435
Charleston/Tottenville,47,1.0
Chinatown,4164,1.4488168724279835
City Island,11,1.1818181818181819
Claremont/Bathgate,120,1.0185185185185186
Clinton East,94178,1.3953817204885848
Clinton Hill,572,1.1577540106951871
Clinton West,20929,1.3582709465695826
Co-Op City,327,1.0194174757281553
Cobble Hill,640,1.2704761904761905
College Point,61,1.0338983050847457
Columbia Street,51,1.3333333333333333
Coney Island,168,1.0060240963855422
Corona,466,1.205240174672489
Country Club,4,1.75
Crotona Park,3,1.0
Crotona Park East,82,1.0483870967741935
Crown Heights North,662,1.1419213973799127
Crown Heights South,210,1.0855263157894737
Cypress Hills,89,1.0731707317073171
DUMBO/Vinegar Hill,822,1.5064102564102564
Douglaston,43,1.1
Downtown Brooklyn/MetroTech,1998,1.3386004514672687
Dyker Heights,76,0.9861111111111112
East Chelsea,85435,1.3953989677017593
East Concourse/Concourse Village,261,1.1092436974789917
East Elmhurst,16374,1.3983714950410187
East Flatbush/Farragut,195,1.0056818181818181
East Flatbush/Remsen Village,217,1.010204081632653
East Flushing,33,1.0606060606060606
East Harlem North,7347,1.3097794544399304
East Harlem South,20181,1.2820552703893815
East New York,443,1.051643192488263
East New York/Pennsylvania Avenue,86,1.0
East Tremont,156,1.0463576158940397
East Village,82733,1.3881315657828914
East Williamsburg,539,1.3294117647058823
Eastchester,120,1.0254237288135593
Elmhurst,429,1.2798053527980535
Elmhurst/Maspeth,143,1.223021582733813
Eltingville/Annadale/Prince's Bay,3,1.0
Erasmus,127,1.0285714285714285
Far Rockaway,140,1.0144927536231885
Financial District North,16670,1.3802434870371538
Financial District South,9100,1.4273727179952376
Flatbush/Ditmas Park,376,1.0798722044728435
Flatiron,55728,1.3410380216269804
Flatlands,233,1.0593607305936072
Flushing,204,1.0756756756756756
Flushing Meadows-Corona Park,445,1.3775280898876405
Fordham South,72,1.1470588235294117
Forest Hills,433,1.1256038647342994
Forest Park/Highland Park,8,1.0
Fort Greene,1383,1.3013355592654423
Fresh Meadows,62,1.1311475409836065
Freshkills Park,2,1.0
Garment District,57945,1.3677386618141096
Glen Oaks,54,1.0588235294117647
Glendale,75,1.0810810810810811
Gowanus,166,1.3
Gramercy,73672,1.3250631716324661
Gravesend,130,1.048
Great Kills,4,1.0
Green-Wood Cemetery,5,0.8
Greenpoint,579,1.3227513227513228
Greenwich Village North,46188,1.329287103480652
Greenwich Village South,44208,1.4097880646960401
Grymes Hill/Clifton,3,1.0
Hamilton Heights,2454,1.3028201571890892
Hammels/Arverne,164,1.0617283950617284
Heartland Village/Todt Hill,5,1.2
Highbridge,152,1.0625
Highbridge Park,15,1.2857142857142858
Hillcrest/Pomonok,176,1.0346820809248556
Hollis,81,1.0625
Homecrest,87,1.0933333333333333
Howard Beach,114,1.1327433628318584
Hudson Sq,16370,1.3594359813672416
Hunts Point,70,0.9850746268656716
Inwood,186,1.2048192771084338
Inwood Hill Park,20,1.25
JFK Airport,169845,1.441712617580279
Jackson Heights,741,1.2342857142857142
Jamaica,551,1.1751824817518248
Jamaica Bay,3,1.0
Jamaica Estates,178,1.0057142857142858
Kensington,102,1.2469135802469136
Kew Gardens,312,1.2549019607843137
Kew Gardens Hills,214,1.074766355140187
Kingsbridge Heights,152,1.0939597315436242
Kips Bay,39365,1.3048866948507207
LaGuardia Airport,115407,1.3447553662987746
Laurelton,135,1.0
Lenox Hill East,70712,1.3018529063909938
Lenox Hill West,82902,1.3190832692927439
Lincoln Square East,110172,1.355044901291376
Lincoln Square West,38218,1.3127576570843593
Little Italy/NoLiTa,27699,1.4263423760523855
Long Island City/Hunters Point,2930,1.16697451052826
Long Island City/Queens Plaza,1770,1.194057004244997
Longwood,73,1.2361111111111112
Lower East Side,33420,1.4376486791035432
Madison,75,1.1388888888888888
Manhattan Beach,43,1.5813953488372092
Manhattan Valley,27400,1.3136438314293355
Manhattanville,2379,1.2813793103448277
Marble Hill,38,1.1666666666666667
Marine Park/Floyd Bennett Field,72,1.1388888888888888
Marine Park/Mill Basin,176,1.0344827586206897
Mariners Harbor,6,2.0
Maspeth,272,1.2583333333333333
Meatpacking/West Village West,26962,1.4137690968864822
Melrose South,231,1.1037735849056605
Middle Village,76,1.2380952380952381
Midtown Center,160946,1.3349962521337642
Midtown East,125220,1.3063113309730507
Midtown North,99138,1.340702077576502
Midtown South,79788,1.36442075392108
Midwood,136,1.024
Morningside Heights,16013,1.309974119052359
Morrisania/Melrose,206,1.0404040404040404
Mott Haven/Port Morris,428,1.1723237597911227
Mount Hope,154,1.1071428571428572
Murray Hill,102009,1.3107292707292708
Murray Hill-Queens,51,1.0612244897959184
New Dorp/Midland Beach,2,1.5
Newark Airport,427,1.6103286384976525
North Corona,73,1.1343283582089552
Norwood,145,1.0785714285714285
Oakland Gardens,55,1.0727272727272728
Oakwood,3,2.0
Ocean Hill,204,1.0052631578947369
Ocean Parkway South,21,1.4285714285714286
Old Astoria,626,1.1871559633027522
Ozone Park,59,1.1896551724137931
Park Slope,1067,1.3154613466334164
Parkchester,157,1.0
Pelham Bay,31,1.0
Pelham Bay Park,2,1.0
Pelham Parkway,100,1.09375
Penn Station/Madison Sq West,115708,1.3206050930409066
Port Richmond,4,1.0
Prospect Heights,346,1.2553191489361701
Prospect Park,41,1.34375
Prospect-Lefferts Gardens,417,1.0917159763313609
Queens Village,238,1.0127659574468084
Queensboro Hill,76,1.0845070422535212
Queensbridge/Ravenswood,3443,1.1661179287638432
Randalls Island,103,1.2156862745098038
Red Hook,112,1.2337662337662338
Rego Park,198,1.2287234042553192
Richmond Hill,374,1.1347708894878705
Ridgewood,104,1.0945945945945945
Rikers Island,2,1.0
Riverdale/North Riverdale/Fieldston,88,1.1494252873563218
Rockaway Park,64,1.0625
Roosevelt Island,133,1.228813559322034
Rosedale,135,1.0820895522388059
Rossville/Woodrow,3,1.0
Saint Albans,297,1.0034013605442176
Saint George/New Brighton,2,1.0
Saint Michaels Cemetery/Woodside,296,1.0337837837837838
Schuylerville/Edgewater Park,120,1.076271186440678
Seaport,5520,1.4078595955742084
Sheepshead Bay,117,1.0940170940170941
SoHo,24127,1.3951502145922747
Soundview/Bruckner,96,1.0795454545454546
Soundview/Castle Hill,259,1.0336134453781514
South Beach/Dongan Hills,22,1.0
South Jamaica,474,1.2042553191489362
South Ozone Park,507,1.3018108651911469
South Williamsburg,113,1.202020202020202
Springfield Gardens North,246,1.0329218106995885
Springfield Gardens South,336,1.2582582582582582
Spuyten Duyvil/Kingsbridge,170,1.13125
Stapleton,2,1.0
Starrett City,157,0.9936305732484076
Steinway,568,1.1923076923076923
Stuy Town/Peter Cooper Village,4657,1.283027850511783
Stuyvesant Heights,399,1.1240601503759398
Sunnyside,2647,1.2490812576561863
Sunset Park East,79,1.2253521126760563
Sunset Park West,221,1.1151515151515152
Sutton Place/Turtle Bay North,67678,1.3176707374283076
Times Sq/Theatre District,117425,1.4485230609777164
TriBeCa/Civic Center,45854,1.3428164041281911
Two Bridges/Seward Park,3627,1.4029374201787994
UN/Turtle Bay South,46507,1.3370163313817847
Union Sq,94001,1.3270233285546722
University Heights/Morris Heights,200,1.0
Upper East Side North,139501,1.3257905254496296
Upper East Side South,153939,1.3096301188903567
Upper West Side North,66560,1.3242544793885478
Upper West Side South,94421,1.3633124773204606
Van Cortlandt Park,10,1.1
Van Cortlandt Village,133,1.0769230769230769
Van Nest/Morris Park,253,1.0358565737051793
Washington Heights North,540,1.3036144578313253
Washington Heights South,2235,1.3018962075848304
West Brighton,5,1.4
West Chelsea/Hudson Yards,52963,1.3694004403655424
West Concourse,416,1.139650872817955
West Farms/Bronx River,92,1.0888888888888888
West Village,74145,1.374923953321166
Westchester Village/Unionport,115,1.1339285714285714
Westerleigh,8,1.875
Whitestone,31,1.1
Willets Point,13,1.5384615384615385
Williamsbridge/Olinville,206,1.0252525252525253
Williamsburg (North Side),1328,1.4583333333333333
Williamsburg (South Side),1050,1.403973509933775
Windsor Terrace,85,1.2112676056338028
Woodhaven,110,1.0660377358490567
Woodlawn/Wakefield,92,1.0222222222222221
Woodside,697,1.28023598820059
World Trade Center,16170,1.4711690613329957
Yorkville East,45572,1.3115805619465941
Yorkville West,67265,1.3304427761605637
